{
  "game":{
    "WIDTH":800,
    "HEIGHT":600
  },
  "player":{
    "inventory":{
      "money":0
    },
    "x":462.55534255,
    "y":2181.680811,
    "direction":4,
    "speed":150
  },
  "camera":{
    "mode":1,
    "y":1881.680811,
    "x":62.555342549999
  }
}