{
  "game":{
    "WIDTH":800,
    "HEIGHT":600
  },
  "camera":{
    "y":1952.4382009483,
    "mode":1,
    "x":162.04357986335
  },
  "player":{
    "direction":3,
    "speed":150,
    "inventory":{
      "money":73060
    },
    "x":562.141326625,
    "y":2252.438207775
  }
}