{
  "camera":{
    "x":-72.303433508607,
    "mode":1,
    "y":1184.8264666499
  },
  "game":{
    "WIDTH":800,
    "HEIGHT":600
  },
  "player":{
    "y":1486.412966025,
    "direction":1,
    "speed":150,
    "inventory":{
      "money":9600
    },
    "x":327.696565525
  }
}