{
  "game":{
    "HEIGHT":1080,
    "WIDTH":1920
  },
  "camera":{
    "x":-406.135814,
    "y":1228.3155180717,
    "mode":1
  },
  "player":{
    "x":553.864186,
    "inventory":{
      "money":0
    },
    "speed":2000,
    "y":1768.315704
  }
}