{
  "player":{
    "direction":1,
    "speed":150,
    "inventory":{
      "money":118750
    },
    "x":419.168862025,
    "y":2169.67066455
  },
  "game":{
    "HEIGHT":1440,
    "WIDTH":2560
  },
  "camera":{
    "mode":1,
    "x":-860.81701646404,
    "y":1448.1243543789
  }
}