{
  "game":{
    "HEIGHT":1440,
    "WIDTH":2560
  },
  "player":{
    "x":591.107066575,
    "direction":1,
    "speed":150,
    "inventory":{
      "money":169599.20000031
    },
    "y":1477.087216575
  },
  "camera":{
    "mode":1,
    "x":-688.89293342505,
    "y":757.08721592887
  }
}