{
  "player":{
    "direction":1,
    "speed":150,
    "inventory":{
      "money":174785.40000053
    },
    "x":1719.6452739,
    "y":1409.09205355
  },
  "game":{
    "WIDTH":2560,
    "HEIGHT":1440
  },
  "camera":{
    "x":439,
    "y":689,
    "mode":1
  }
}