{
  "player":{
    "direction":3,
    "speed":150,
    "inventory":{
      "money":172774.20000045
    },
    "x":2085.8268531,
    "y":1728.6833239
  },
  "camera":{
    "mode":1,
    "x":805.8219701915,
    "y":1008.6831077218
  },
  "game":{
    "WIDTH":2560,
    "HEIGHT":1440
  }
}