{
  "camera":{
    "x":1042.7132538155,
    "mode":1,
    "y":2107.0524058181
  },
  "game":{
    "HEIGHT":600,
    "WIDTH":800
  },
  "player":{
    "x":1442.724010675,
    "y":2407.514870475,
    "direction":1,
    "speed":150,
    "inventory":{
      "money":0
    }
  }
}