{
  "camera":{
    "mode":1,
    "y":711,
    "x":-264
  },
  "player":{
    "direction":1,
    "speed":150,
    "x":696.54423075,
    "y":1251.4751712,
    "inventory":{
      "money":226.5
    }
  },
  "game":{
    "WIDTH":1920,
    "HEIGHT":1080
  }
}